<?xml version="1.0"?>
<climateData>
<version>4.0.1</version>
 <climate>
  <CC_start>3000</CC_start>
  <CC_end>3100</CC_end>
  <CC_mTsp>3.931</CC_mTsp>
  <CC_mTs>5.116</CC_mTs>
  <CC_mTf>4.749</CC_mTf>
  <CC_mTw>3.605</CC_mTw>
  <CC_mPsp>1.043</CC_mPsp>
  <CC_mPs>0.9</CC_mPs>
  <CC_mPf>0.97</CC_mPf>
  <CC_mPw>1.048</CC_mPw>
  <CC_sdTsp>0.79</CC_sdTsp>
  <CC_sdTs>-0.405</CC_sdTs>
  <CC_sdTf>-0.182</CC_sdTf>
  <CC_sdTw>-0.471</CC_sdTw>
  <CC_sdPsp>1.052</CC_sdPsp>
  <CC_sdPs>1.358</CC_sdPs>
  <CC_sdPf>1.002</CC_sdPf>
  <CC_sdPw>0.831</CC_sdPw>
  <CC_rTPsp>0.377</CC_rTPsp>
  <CC_rTPs>-0.421</CC_rTPs>
  <CC_rTPf>-0.155</CC_rTPf>
  <CC_rTPw>-0.224</CC_rTPw>
 </climate>
</climateData>
