<?xml version="1.0"?>
<siteData>
 <version>3.3</version>
 <general>
  <kPatchSize>800</kPatchSize>
  <kDistP>0.0</kDistP> 
 </general>
 <water>
  <kBS>15</kBS>
  <kCw>12</kCw>
  <kIcpt>0.3</kIcpt>
  <kLat>46.5</kLat>
  <kSlAsp>0</kSlAsp>
 </water>
 <plant>
  <kBrPr>20</kBrPr>
  <kEstP>0.1</kEstP>
  <kEstDens>0.006</kEstDens>
  <kInitDBH>1.27</kInitDBH>
  <kLAtt>0.25</kLAtt>
  <kDeathP>4.605</kDeathP>
  <kMinRelInc>0.1</kMinRelInc>
  <kMinAbsInc>0.03</kMinAbsInc>
  <kSGrT>2</kSGrT>
  <kSlowGrP>0.368</kSlowGrP>
  <kAshFree>0.929</kAshFree>
  <kRSR>0.0025</kRSR>
  <kConv>4</kConv>
  <kDTT>5.5</kDTT>
  <uWiT>-2.17</uWiT>
  <uDrAn>0.023</uDrAn>
  <uDrSe>0.023</uDrSe>
  <uDDAn>1933.4</uDDAn>
  <uDDSe>1933.4</uDDSe>
 </plant>
 <soil>
  <kAvN>80</kAvN>
  <kLossW>0.03</kLossW>
  <kLossT>0.2</kLossT>
  <kNC>0.005</kNC>
 </soil>
 <weather>
  <ID>00</ID>
  <name>dec</name>
  <mT>-2.55</mT>
  <sdT>1.79</sdT>
  <mP>2.33</mP>
  <sdP>0.64</sdP>
  <rTP>0.01</rTP>
 </weather>
 <weather>
  <ID>01</ID>
  <name>jan</name>
  <mT>-3.59</mT>
  <sdT>2.02</sdT>
  <mP>2.34</mP>
  <sdP>0.6</sdP>
  <rTP>-0.09</rTP>
 </weather>
 <weather>
  <ID>02</ID>
  <name>feb</name>
  <mT>-2.87</mT>
  <sdT>2.39</sdT>
  <mP>2.26</mP>
  <sdP>0.68</sdP>
  <rTP>0.29</rTP>
 </weather>
 <weather>
  <ID>03</ID>
  <name>mar</name>
  <mT>0.14</mT>
  <sdT>1.94</sdT>
  <mP>2.28</mP>
  <sdP>0.55</sdP>
  <rTP>-0.35</rTP>
 </weather>
 <weather>
  <ID>04</ID>
  <name>apr</name>
  <mT>3.35</mT>
  <sdT>1.56</sdT>
  <mP>2.34</mP>
  <sdP>0.41</sdP>
  <rTP>-0.43</rTP>
 </weather>
 <weather>
  <ID>05</ID>
  <name>may</name>
  <mT>7.85</mT>
  <sdT>1.52</sdT>
  <mP>2.51</mP>
  <sdP>0.34</sdP>
  <rTP>-0.36</rTP>
 </weather>
 <weather>
  <ID>06</ID>
  <name>jun</name>
  <mT>11.23</mT>
  <sdT>1.45</sdT>
  <mP>2.73</mP>
  <sdP>0.3</sdP>
  <rTP>-0.47</rTP>
 </weather>
 <weather>
  <ID>07</ID>
  <name>jul</name>
  <mT>13.39</mT>
  <sdT>1.42</sdT>
  <mP>2.74</mP>
  <sdP>0.35</sdP>
  <rTP>-0.55</rTP>
 </weather>
 <weather>
  <ID>08</ID>
  <name>aug</name>
  <mT>12.82</mT>
  <sdT>1.36</sdT>
  <mP>2.78</mP>
  <sdP>0.32</sdP>
  <rTP>-0.51</rTP>
 </weather>
 <weather>
  <ID>09</ID>
  <name>sep</name>
  <mT>9.98</mT>
  <sdT>1.56</sdT>
  <mP>2.41</mP>
  <sdP>0.37</sdP>
  <rTP>-0.35</rTP>
 </weather>
 <weather>
  <ID>10</ID>
  <name>oct</name>
  <mT>5.74</mT>
  <sdT>1.64</sdT>
  <mP>2.19</mP>
  <sdP>0.63</sdP>
  <rTP>-0.45</rTP>
 </weather>
 <weather>
  <ID>11</ID>
  <name>nov</name>
  <mT>0.69</mT>
  <sdT>1.48</sdT>
  <mP>2.3</mP>
  <sdP>0.59</sdP>
  <rTP>-0.06</rTP>
 </weather>
 <weather>
  <ID>12</ID>
  <name>dec</name>
  <mT>-2.55</mT>
  <sdT>1.79</sdT>
  <mP>2.33</mP>
  <sdP>0.64</sdP>
  <rTP>0.01</rTP>
 </weather>
</siteData>
