<?xml version="1.0"?>
<speciesData>
 <version>4.0.1</version>
 <species>
  <kID>00</kID>
  <kName>Abies alba</kName>
  <kSName>AAlb</kSName>
  <kType>E5</kType>
  <kHMax>60</kHMax> 					<!--revised value-->
  <kAMax>700</kAMax> 					<!--revised value-->
  <kDMax>200</kDMax> 					<!--revised value-->
  <kG>296</kG> 							<!--revised value-->
  <kDDMin>641</kDDMin>
  <kWiTN>-6</kWiTN>
  <kWiTX>-3</kWiTX>
  <kDrTol>0.23</kDrTol>
  <kNTol>3</kNTol>
  <kBrow>5</kBrow>
  <kLy>0.03</kLy> 						<!--revised value-->
  <kLa>1</kLa>							<!--revised value-->
  <kLQ>2</kLQ>
  <kImmT>-12000</kImmT>
  <kRedMax>44</kRedMax>
  <kWD>0.4</kWD>
 </species>
 <species>
  <kID>01</kID>
  <kName>Larix decidua</kName>
  <kSName>LDec</kSName>
  <kType>D2</kType>
  <kHMax>54</kHMax> 					<!--revised value-->
  <kAMax>1000</kAMax> 					<!--revised value-->
  <kDMax>250</kDMax> 					<!--revised value-->
  <kG>400</kG> 							<!--revised value-->
  <kDDMin>323</kDDMin>
  <kWiTN>-11</kWiTN>
  <kWiTX>-1</kWiTX>
  <kDrTol>0.25</kDrTol>
  <kNTol>1</kNTol>
  <kBrow>3</kBrow>
  <kLy>0.5</kLy> 						<!--revised value-->
  <kLa>9</kLa>							<!--revised value--> 
  <kLQ>3</kLQ>
  <kImmT>-12000</kImmT>
  <kRedMax>38</kRedMax>
  <kWD>0.46</kWD>
 </species>
 <species>
  <kID>02</kID>
  <kName>Picea abies</kName>
  <kSName>PAbi</kSName>
  <kType>E5</kType>
  <kHMax>63</kHMax> 					<!--revised value-->
  <kAMax>930</kAMax> 					<!--revised value-->
  <kDMax>200</kDMax> 					<!--revised value-->
  <kG>342</kG> 							<!--revised value-->
  <kDDMin>385</kDDMin>
  <kWiTN>-99</kWiTN>
  <kWiTX>-1</kWiTX>
  <kDrTol>0.15</kDrTol>
  <kNTol>2</kNTol>
  <kBrow>2</kBrow>
  <kLy>0.05</kLy> 						<!--revised value-->
  <kLa>5</kLa>							<!--revised value--> 
  <kLQ>3</kLQ>
  <kImmT>-12000</kImmT>
  <kRedMax>34</kRedMax>
  <kWD>0.4</kWD>
 </species>
 <species>
  <kID>03</kID>
  <kName>Pinus cembra</kName>
  <kSName>PCem</kSName>
  <kType>E5</kType>
  <kHMax>26</kHMax> 					<!--revised value-->
  <kAMax>1050</kAMax> 					<!--revised value-->
  <kDMax>200</kDMax> 					<!--revised value-->
  <kG>198</kG> 							<!--revised value-->  
  <kDDMin>323</kDDMin>
  <kWiTN>-11</kWiTN>
  <kWiTX>-6</kWiTX>
  <kDrTol>0.30</kDrTol>
  <kNTol>1</kNTol>
  <kBrow>4</kBrow>
  <kLy>0.075</kLy> 						<!--revised value-->
  <kLa>5</kLa>							<!--revised value-->  
  <kLQ>3</kLQ>
  <kImmT>-12000</kImmT>
  <kRedMax>38</kRedMax>
  <kWD>0.42</kWD>
 </species>
 <species>
  <kID>04</kID>
  <kName>Pinus montana</kName>
  <kSName>PMon</kSName>
  <kType>E5</kType>
  <kHMax>23</kHMax> 					<!--revised value-->
  <kAMax>300</kAMax> 					<!--revised value-->
  <kDMax>50</kDMax> 					<!--revised value-->
  <kG>239</kG> 							<!--revised value-->    
  <kDDMin>436</kDDMin>
  <kWiTN>-99</kWiTN>
  <kWiTX>-3</kWiTX>
  <kDrTol>0.37</kDrTol>
  <kNTol>1</kNTol>
  <kBrow>3</kBrow>
  <kLy>0.5</kLy> 						<!--revised value-->
  <kLa>9</kLa>							<!--revised value-->   
  <kLQ>3</kLQ>
  <kImmT>-12000</kImmT>
  <kRedMax>38</kRedMax>
  <kWD>0.42</kWD>
 </species>
 <species>
  <kID>05</kID>
  <kName>Pinus sylvestris</kName>
  <kSName>PSyl</kSName>
  <kType>E4</kType>
  <kHMax>48</kHMax> 					<!--revised value-->
  <kAMax>760</kAMax> 					<!--revised value-->
  <kDMax>150</kDMax> 					<!--revised value-->
  <kG>393</kG> 							<!--revised value-->      
  <kDDMin>610</kDDMin>
  <kWiTN>-99</kWiTN>
  <kWiTX>1</kWiTX>
  <kDrTol>0.37</kDrTol>
  <kNTol>1</kNTol>
  <kBrow>3</kBrow>
  <kLy>0.4</kLy> 						<!--revised value-->
  <kLa>8</kLa>							<!--revised value-->     
  <kLQ>3</kLQ>
  <kImmT>-12000</kImmT>
  <kRedMax>38</kRedMax>
  <kWD>0.42</kWD>
 </species>
 <species>
  <kID>06</kID>
  <kName>Taxus baccata</kName>
  <kSName>TBac</kSName>
  <kType>E5</kType>
  <kHMax>22</kHMax> 					<!--revised value-->
  <kAMax>2110</kAMax> 					<!--revised value-->
  <kDMax>350</kDMax> 					<!--revised value-->
  <kG>175</kG> 							<!--revised value-->    
  <kDDMin>1011</kDDMin>
  <kWiTN>-5</kWiTN>
  <kWiTX>8</kWiTX>
  <kDrTol>0.23</kDrTol>
  <kNTol>4</kNTol>
  <kBrow>5</kBrow>
  <kLy>0.03</kLy> 						<!--revised value-->
  <kLa>1</kLa>							<!--revised value-->   
  <kLQ>2</kLQ>
  <kImmT>-12000</kImmT>
  <kRedMax>38</kRedMax>
  <kWD>0.67</kWD>
 </species>
 <species>
  <kID>07</kID>
  <kName>Acer campestre</kName>
  <kSName>ACam</kSName>
  <kType>D2</kType>
  <kHMax>25</kHMax> 					<!--revised value-->
  <kAMax>300</kAMax> 					<!--revised value-->
  <kDMax>150</kDMax> 					<!--revised value-->
  <kG>210</kG> 							<!--revised value-->      
  <kDDMin>1062</kDDMin>
  <kWiTN>-99</kWiTN>
  <kWiTX>8</kWiTX>
  <kDrTol>0.33</kDrTol>
  <kNTol>3</kNTol>
  <kBrow>4</kBrow>
  <kLy>0.2</kLy> 						<!--revised value-->
  <kLa>6</kLa>							<!--revised value-->  
  <kLQ>2</kLQ>
  <kImmT>-12000</kImmT>
  <kRedMax>80</kRedMax>
  <kWD>0.52</kWD>
 </species>
 <species>
  <kID>08</kID>
  <kName>Acer platanoides</kName>
  <kSName>APla</kSName>
  <kType>D3</kType>
  <kHMax>35</kHMax> 					<!--revised value-->
  <kAMax>380</kAMax> 					<!--revised value-->
  <kDMax>200</kDMax> 					<!--revised value-->
  <kG>360</kG> 							<!--revised value-->    
  <kDDMin>1042</kDDMin>
  <kWiTN>-17</kWiTN>
  <kWiTX>10</kWiTX>
  <kDrTol>0.25</kDrTol>
  <kNTol>5</kNTol>
  <kBrow>4</kBrow>
  <kLy>0.075</kLy> 						<!--revised value-->
  <kLa>4</kLa>							<!--revised value-->    
  <kLQ>2</kLQ>
  <kImmT>-12000</kImmT>
  <kRedMax>58</kRedMax>
  <kWD>0.52</kWD>
 </species>
 <species>
  <kID>09</kID>
  <kName>Acer pseudoplatanus</kName>
  <kSName>APse</kSName>
  <kType>D3</kType>
  <kHMax>40</kHMax> 					<!--revised value-->
  <kAMax>600</kAMax> 					<!--revised value-->
  <kDMax>250</kDMax> 					<!--revised value-->
  <kG>338</kG> 							<!--revised value-->    
  <kDDMin>898</kDDMin>
  <kWiTN>-99</kWiTN>
  <kWiTX>8</kWiTX>
  <kDrTol>0.25</kDrTol>
  <kNTol>4</kNTol>
  <kBrow>4</kBrow>
  <kLy>0.05</kLy> 						<!--revised value-->
  <kLa>3</kLa>							<!--revised value-->  
  <kLQ>2</kLQ>
  <kImmT>-12000</kImmT>
  <kRedMax>50</kRedMax>
  <kWD>0.52</kWD>
 </species>
 <species>
  <kID>10</kID>
  <kName>Alnus glutinosa</kName>
  <kSName>AGlu</kSName>
  <kType>D2</kType>
  <kHMax>40</kHMax> 					<!--revised value-->
  <kAMax>240</kAMax> 					<!--revised value-->
  <kDMax>150</kDMax> 					<!--revised value-->
  <kG>380</kG> 							<!--revised kG value-->  
  <kDDMin>898</kDDMin>
  <kWiTN>-16</kWiTN>
  <kWiTX>11</kWiTX>
  <kDrTol>0.08</kDrTol>
  <kNTol>3</kNTol>
  <kBrow>1</kBrow>
  <kLy>0.2</kLy> 						<!--revised value-->
  <kLa>6</kLa>							<!--revised value-->   
  <kLQ>1</kLQ>
  <kImmT>-12000</kImmT>
  <kRedMax>68</kRedMax>
  <kWD>0.45</kWD>
 </species>
 <species>
  <kID>11</kID>
  <kName>Alnus incana</kName>
  <kSName>AInc</kSName>
  <kType>D2</kType>
  <kHMax>25</kHMax> 					<!--revised value-->
  <kAMax>150</kAMax> 					<!--revised value-->
  <kDMax>100</kDMax> 					<!--revised value-->
  <kG>218</kG> 							<!--revised value; regrouped to small group-->    
  <kDDMin>610</kDDMin>
  <kWiTN>-99</kWiTN>
  <kWiTX>7</kWiTX>
  <kDrTol>0.08</kDrTol>
  <kNTol>3</kNTol>
  <kBrow>1</kBrow>
  <kLy>0.2</kLy> 						<!--revised value-->
  <kLa>7</kLa>							<!--revised value-->   
  <kLQ>1</kLQ>
  <kImmT>-12000</kImmT>
  <kRedMax>68</kRedMax>
  <kWD>0.45</kWD>
 </species>
 <species>
  <kID>12</kID>
  <kName>Alnus viridis</kName>
  <kSName>AVir</kSName>
  <kType>D2</kType>
  <kHMax>6</kHMax> 						<!--revised value-->
  <kAMax>110</kAMax> 					<!--revised value-->
  <kDMax>25</kDMax> 					<!--revised value-->
  <kG>476</kG> 							<!--revised value-->  
  <kDDMin>272</kDDMin>
  <kWiTN>-99</kWiTN>
  <kWiTX>-6</kWiTX>
  <kDrTol>0.16</kDrTol>
  <kNTol>3</kNTol>
  <kBrow>1</kBrow>
  <kLy>0.3</kLy> 						<!--revised value-->
  <kLa>7</kLa>							<!--revised value-->   
  <kLQ>1</kLQ>
  <kImmT>-12000</kImmT>
  <kRedMax>68</kRedMax>
  <kWD>0.45</kWD>
 </species>
 <species>
  <kID>13</kID>
  <kName>Betula pendula</kName>
  <kSName>BPen</kSName>
  <kType>D1</kType>
  <kHMax>30</kHMax> 					<!--revised value-->
  <kAMax>220</kAMax> 					<!--revised value-->
  <kDMax>100</kDMax> 					<!--revised value-->
  <kG>448</kG> 							<!--revised value-->    
  <kDDMin>610</kDDMin>
  <kWiTN>-99</kWiTN>
  <kWiTX>9</kWiTX>
  <kDrTol>0.16</kDrTol>
  <kNTol>1</kNTol>
  <kBrow>1</kBrow>
  <kLy>0.5</kLy> 						<!--revised value-->
  <kLa>9</kLa>							<!--revised value--> 
  <kLQ>2</kLQ>
  <kImmT>-12000</kImmT>
  <kRedMax>63</kRedMax>
  <kWD>0.51</kWD>
 </species>
 <species>
  <kID>14</kID>
  <kName>Carpinus betulus</kName>
  <kSName>CBet</kSName>
  <kType>D3</kType>
  <kHMax>35</kHMax> 					<!--revised value-->
  <kAMax>300</kAMax> 					<!--revised value-->
  <kDMax>150</kDMax> 					<!--revised value-->
  <kG>360</kG> 							<!--revised kG value-->    
  <kDDMin>898</kDDMin>
  <kWiTN>-9</kWiTN>
  <kWiTX>9</kWiTX>
  <kDrTol>0.25</kDrTol>
  <kNTol>4</kNTol>
  <kBrow>2</kBrow>
  <kLy>0.075</kLy> 						<!--revised value-->
  <kLa>4</kLa>							<!--revised value-->   
  <kLQ>1</kLQ>
  <kImmT>-12000</kImmT>
  <kRedMax>56</kRedMax>
  <kWD>0.63</kWD>
 </species>
 <species>
  <kID>15</kID>
  <kName>Castanea sativa</kName>
  <kSName>CSat</kSName>
  <kType>D3</kType>
  <kHMax>35</kHMax> 					<!--revised value-->
  <kAMax>2000</kAMax> 					<!--revised value; reduce??-->
  <kDMax>350</kDMax> 					<!--revised value-->
  <kG>375</kG> 							<!--revised value-->  
  <kDDMin>1237</kDDMin>
  <kWiTN>-99</kWiTN>
  <kWiTX>10</kWiTX>
  <kDrTol>0.33</kDrTol>
  <kNTol>3</kNTol>
  <kBrow>1</kBrow>
  <kLy>0.1</kLy> 						<!--revised value-->
  <kLa>5</kLa>							<!--revised value-->     
  <kLQ>2</kLQ>
  <kImmT>-12000</kImmT>
  <kRedMax>40</kRedMax>
  <kWD>0.48</kWD>
 </species>
 <species>
  <kID>16</kID>
  <kName>Corylus avellana</kName>
  <kSName>CAve</kSName>
  <kType>D3</kType>
  <kHMax>15</kHMax> 					<!--revised value-->
  <kAMax>100</kAMax> 					<!--revised value-->
  <kDMax>50</kDMax> 					<!--revised value-->
  <kG>245</kG> 							<!--revised value-->    
  <kDDMin>898</kDDMin>
  <kWiTN>-16</kWiTN>
  <kWiTX>9</kWiTX>
  <kDrTol>0.33</kDrTol>
  <kNTol>2</kNTol>
  <kBrow>2</kBrow>
  <kLy>0.2</kLy> 						<!--revised value-->
  <kLa>6</kLa>							<!--revised value-->     
  <kLQ>1</kLQ>
  <kImmT>-12000</kImmT>
  <kRedMax>68</kRedMax>
  <kWD>0.58</kWD>
 </species>
 <species>
  <kID>17</kID>
  <kName>Fagus sylvatica</kName>
  <kSName>FSyl</kSName>
  <kType>D3</kType>
  <kHMax>52</kHMax> 					<!--revised value-->
  <kAMax>500</kAMax> 					<!--revised value-->
  <kDMax>250</kDMax> 					<!--revised value-->
  <kG>307</kG> 							<!--revised value-->     
  <kDDMin>723</kDDMin>
  <kWiTN>-4</kWiTN>
  <kWiTX>9</kWiTX>
  <kDrTol>0.25</kDrTol>
  <kNTol>2</kNTol>
  <kBrow>3</kBrow>
  <kLy>0.03</kLy> 						<!--revised value-->
  <kLa>1</kLa>							<!--revised value-->    
  <kLQ>2</kLQ>
  <kImmT>-12000</kImmT>
  <kRedMax>43</kRedMax>
  <kWD>0.58</kWD>
 </species>
 <species>
  <kID>18</kID>
  <kName>Fraxinus excelsior</kName>
  <kSName>FExc</kSName>
  <kType>D2</kType>
  <kHMax>42</kHMax> 					<!--revised value-->
  <kAMax>300</kAMax> 					<!--revised value-->
  <kDMax>250</kDMax> 					<!--revised value-->
  <kG>363</kG> 							<!--revised value-->   
  <kDDMin>980</kDDMin>
  <kWiTN>-17</kWiTN>
  <kWiTX>8</kWiTX>
  <kDrTol>0.16</kDrTol>
  <kNTol>5</kNTol>
  <kBrow>3</kBrow>
  <kLy>0.075</kLy> 						<!--revised value-->
  <kLa>5</kLa>							<!--revised value-->  
  <kLQ>1</kLQ>
  <kImmT>-12000</kImmT>
  <kRedMax>40</kRedMax>
  <kWD>0.57</kWD>
 </species>
 <species>
  <kID>19</kID>
  <kName>Populus nigra</kName>
  <kSName>PNig</kSName>
  <kType>D2</kType>
  <kHMax>40</kHMax> 					<!--revised value-->
  <kAMax>300</kAMax> 					<!--revised value-->
  <kDMax>250</kDMax> 					<!--revised value-->
  <kG>394</kG> 							<!--revised value-->     
  <kDDMin>662</kDDMin>
  <kWiTN>-99</kWiTN>
  <kWiTX>12</kWiTX>
  <kDrTol>0.08</kDrTol>
  <kNTol>4</kNTol>
  <kBrow>2</kBrow>
  <kLy>0.3</kLy> 						<!--revised value-->
  <kLa>7</kLa>							<!--revised value-->    
  <kLQ>2</kLQ>
  <kImmT>-12000</kImmT>
  <kRedMax>78</kRedMax>
  <kWD>0.35</kWD>
 </species>
 <species>
  <kID>20</kID>
  <kName>Populus tremula</kName>
  <kSName>PTre</kSName>
  <kType>D2</kType>
  <kHMax>42</kHMax> 					<!--revised value-->
  <kAMax>200</kAMax> 					<!--revised value-->
  <kDMax>150</kDMax> 					<!--revised value-->
  <kG>390</kG> 							<!--revised value-->    
  <kDDMin>610</kDDMin>
  <kWiTN>-99</kWiTN>
  <kWiTX>9</kWiTX>
  <kDrTol>0.25</kDrTol>
  <kNTol>2</kNTol>
  <kBrow>2</kBrow>
  <kLy>0.3</kLy> 						<!--revised value-->
  <kLa>7</kLa>							<!--revised value-->      
  <kLQ>2</kLQ>
  <kImmT>-12000</kImmT>
  <kRedMax>72</kRedMax>
  <kWD>0.35</kWD>
 </species>
 <species>
  <kID>21</kID>
  <kName>Quercus petraea</kName>
  <kSName>QPet</kSName>
  <kType>D3</kType>
  <kHMax>50</kHMax> 					<!--revised value-->
  <kAMax>1000</kAMax> 					<!--revised value-->
  <kDMax>350</kDMax> 					<!--revised value-->
  <kG>378</kG> 							<!--revised value-->    
  <kDDMin>785</kDDMin>
  <kWiTN>-5</kWiTN>
  <kWiTX>9</kWiTX>
  <kDrTol>0.33</kDrTol>
  <kNTol>2</kNTol>
  <kBrow>4</kBrow>
  <kLy>0.2</kLy> 						<!--revised value-->
  <kLa>7</kLa>							<!--revised value-->    
  <kLQ>2</kLQ>
  <kImmT>-12000</kImmT>
  <kRedMax>43</kRedMax>
  <kWD>0.58</kWD>
 </species>
 <species>
  <kID>22</kID>
  <kName>Quercus pubescens</kName>
  <kSName>QPub</kSName>
  <kType>D3</kType>
  <kHMax>25</kHMax> 					<!--revised value-->
  <kAMax>500</kAMax> 					<!--revised value-->
  <kDMax>150</kDMax> 					<!--revised value-->
  <kG>226</kG> 							<!--revised value-->    
  <kDDMin>1011</kDDMin>
  <kWiTN>-99</kWiTN>
  <kWiTX>9</kWiTX>
  <kDrTol>0.33</kDrTol>
  <kNTol>2</kNTol>
  <kBrow>4</kBrow>
  <kLy>0.3</kLy> 						<!--revised value-->
  <kLa>8</kLa>							<!--revised value-->     
  <kLQ>2</kLQ>
  <kImmT>-12000</kImmT>
  <kRedMax>42</kRedMax>
  <kWD>0.58</kWD>
 </species>
 <species>
  <kID>23</kID>
  <kName>Quercus robur</kName>
  <kSName>QRob</kSName>
  <kType>D3</kType>
  <kHMax>52</kHMax> 					<!--revised value-->
  <kAMax>2000</kAMax> 					<!--revised value-->
  <kDMax>350</kDMax> 					<!--revised value-->
  <kG>376</kG> 							<!--revised value-->   
  <kDDMin>1042</kDDMin>
  <kWiTN>-17</kWiTN>
  <kWiTX>9</kWiTX>
  <kDrTol>0.25</kDrTol>
  <kNTol>2</kNTol>
  <kBrow>4</kBrow>
  <kLy>0.2</kLy> 						<!--revised value-->
  <kLa>7</kLa>							<!--revised value-->       
  <kLQ>2</kLQ>
  <kImmT>-12000</kImmT>
  <kRedMax>42</kRedMax>
  <kWD>0.58</kWD>
 </species>
 <species>
  <kID>24</kID>
  <kName>Salix alba</kName>
  <kSName>SAlb</kSName>
  <kType>D1</kType>
  <kHMax>35</kHMax> 					<!--revised value-->
  <kAMax>200</kAMax> 					<!--revised value-->
  <kDMax>250</kDMax> 					<!--revised value-->
  <kG>403</kG> 							<!--revised value--> 
  <kDDMin>1062</kDDMin>
  <kWiTN>-99</kWiTN>
  <kWiTX>12</kWiTX>
  <kDrTol>0.08</kDrTol>
  <kNTol>3</kNTol>
  <kBrow>2</kBrow>
  <kLy>0.3</kLy> 						<!--revised value-->
  <kLa>7</kLa>							<!--revised value-->
  <kLQ>2</kLQ>
  <kImmT>-12000</kImmT>
  <kRedMax>68</kRedMax>
  <kWD>0.35</kWD>
 </species>
 <species>
  <kID>25</kID>
  <kName>Sorbus aria</kName>
  <kSName>SAri</kSName>
  <kType>D2</kType>
  <kHMax>23</kHMax> 					<!--revised value-->
  <kAMax>200</kAMax> 					<!--revised value-->
  <kDMax>100</kDMax> 					<!--revised value-->
  <kG>230</kG> 							<!--revised value-->   
  <kDDMin>898</kDDMin>
  <kWiTN>-99</kWiTN>
  <kWiTX>12</kWiTX>
  <kDrTol>0.33</kDrTol>
  <kNTol>4</kNTol>
  <kBrow>4</kBrow>
  <kLy>0.3</kLy> 						<!--revised value-->
  <kLa>8</kLa>							<!--revised value-->  
  <kLQ>1</kLQ>
  <kImmT>-12000</kImmT>
  <kRedMax>68</kRedMax>
  <kWD>0.64</kWD>
 </species>
 <species>
  <kID>26</kID>
  <kName>Sorbus aucuparia</kName>
  <kSName>SAuc</kSName>
  <kType>D1</kType>
  <kHMax>27</kHMax> 					<!--revised value-->
  <kAMax>140</kAMax> 					<!--revised value-->
  <kDMax>100</kDMax> 					<!--revised value-->
  <kG>205</kG> 							<!--revised value-->   
  <kDDMin>498</kDDMin>
  <kWiTN>-99</kWiTN>
  <kWiTX>7</kWiTX>
  <kDrTol>0.33</kDrTol>
  <kNTol>3</kNTol>
  <kBrow>4</kBrow>
  <kLy>0.1</kLy> 						<!--revised value-->
  <kLa>6</kLa>							<!--revised value-->   
  <kLQ>1</kLQ>
  <kImmT>-12000</kImmT>
  <kRedMax>68</kRedMax>
  <kWD>0.64</kWD>
 </species>
 <species>
  <kID>27</kID>
  <kName>Tilia cordata</kName>
  <kSName>TCor</kSName>
  <kType>D3</kType>
  <kHMax>40</kHMax> 					<!--revised value-->
  <kAMax>1000</kAMax> 					<!--revised value-->
  <kDMax>350</kDMax> 					<!--revised value-->
  <kG>365</kG> 							<!--revised value-->     
  <kDDMin>1339</kDDMin>
  <kWiTN>-19</kWiTN>
  <kWiTX>8</kWiTX>
  <kDrTol>0.33</kDrTol>
  <kNTol>4</kNTol>
  <kBrow>2</kBrow>
  <kLy>0.075</kLy> 						<!--revised value-->
  <kLa>5</kLa>							<!--revised value-->   
  <kLQ>2</kLQ>
  <kImmT>-12000</kImmT>
  <kRedMax>40</kRedMax>
  <kWD>0.43</kWD>
 </species>
 <species>
  <kID>28</kID>
  <kName>Tilia platyphyllos</kName>
  <kSName>TPla</kSName>
  <kType>D3</kType>
  <kHMax>40</kHMax> 					<!--revised value-->
  <kAMax>1000</kAMax> 					<!--revised value-->
  <kDMax>350</kDMax> 					<!--revised value-->
  <kG>365</kG> 							<!--revised value-->  
  <kDDMin>1339</kDDMin>
  <kWiTN>-99</kWiTN>
  <kWiTX>8</kWiTX>
  <kDrTol>0.25</kDrTol>
  <kNTol>5</kNTol>
  <kBrow>2</kBrow>
  <kLy>0.075</kLy> 						<!--revised value-->
  <kLa>5</kLa>							<!--revised value-->  
  <kLQ>2</kLQ>
  <kImmT>-12000</kImmT>
  <kRedMax>40</kRedMax>
  <kWD>0.43</kWD>
 </species>
 <species>
  <kID>29</kID>
  <kName>Ulmus glabra</kName>
  <kSName>UGla</kSName>
  <kType>D3</kType>
  <kHMax>43</kHMax> 					<!--revised value-->
  <kAMax>500</kAMax> 					<!--revised value-->
  <kDMax>300</kDMax> 					<!--revised value-->
  <kG>361</kG> 							<!--revised value-->  
  <kDDMin>1062</kDDMin>
  <kWiTN>-16</kWiTN>
  <kWiTX>11</kWiTX>
  <kDrTol>0.25</kDrTol>
  <kNTol>5</kNTol>
  <kBrow>3</kBrow>
  <kLy>0.075</kLy> 						<!--revised value-->
  <kLa>5</kLa>							<!--revised value-->    
  <kLQ>1</kLQ>
  <kImmT>-12000</kImmT>
  <kRedMax>40</kRedMax>
  <kWD>0.56</kWD>
  </species>
</speciesData>