<?xml version="1.0"?>
<speciesData>
 <version>3.0</version>
 <species>
  <kID>00</kID>
  <kName>Abies alba</kName>
  <kSName>AAlb</kSName>
  <kType>E5</kType>
  <kHMax>60</kHMax>
  <kAMax>700</kAMax>
  <kG>117</kG>
  <kDDMin>641</kDDMin>
  <kWiTN>-6</kWiTN>
  <kWiTX>-3</kWiTX>
  <kDrTol>0.23</kDrTol>
  <kNTol>3</kNTol>
  <kBrow>5</kBrow>
  <kLy>0.05</kLy>
  <kLa>1</kLa>
  <kLQ>2</kLQ>
  <kImmT>-12000</kImmT>
  <kRedMax>44</kRedMax>
 </species>
 <species>
  <kID>01</kID>
  <kName>Larix decidua</kName>
  <kSName>LDec</kSName>
  <kType>D2</kType>
  <kHMax>52</kHMax>
  <kAMax>850</kAMax>
  <kG>170</kG>
  <kDDMin>323</kDDMin>
  <kWiTN>-11</kWiTN>
  <kWiTX>-1</kWiTX>
  <kDrTol>0.25</kDrTol>
  <kNTol>1</kNTol>
  <kBrow>3</kBrow>
  <kLy>0.4</kLy>
  <kLa>9</kLa>
  <kLQ>3</kLQ>
  <kImmT>-12000</kImmT>
  <kRedMax>38</kRedMax>
 </species>
 <species>
  <kID>02</kID>
  <kName>Picea abies</kName>
  <kSName>PAbi</kSName>
  <kType>E5</kType>
  <kHMax>58</kHMax>
  <kAMax>930</kAMax>
  <kG>171</kG>
  <kDDMin>385</kDDMin>
  <kWiTN>-99</kWiTN>
  <kWiTX>-1</kWiTX>
  <kDrTol>0.15</kDrTol>
  <kNTol>2</kNTol>
  <kBrow>2</kBrow>
  <kLy>0.1</kLy>
  <kLa>5</kLa>
  <kLQ>3</kLQ>
  <kImmT>-12000</kImmT>
  <kRedMax>34</kRedMax>
 </species>
 <species>
  <kID>03</kID>
  <kName>Pinus cembra</kName>
  <kSName>PCem</kSName>
  <kType>E5</kType>
  <kHMax>26</kHMax>
  <kAMax>1050</kAMax>
  <kG>115</kG>
  <kDDMin>323</kDDMin>
  <kWiTN>-11</kWiTN>
  <kWiTX>-6</kWiTX>
  <kDrTol>0.30</kDrTol>
  <kNTol>1</kNTol>
  <kBrow>4</kBrow>
  <kLy>0.2</kLy>
  <kLa>5</kLa>
  <kLQ>3</kLQ>
  <kImmT>-12000</kImmT>
  <kRedMax>38</kRedMax>
 </species>
 <species>
  <kID>04</kID>
  <kName>Pinus montana</kName>
  <kSName>PMon</kSName>
  <kType>E5</kType>
  <kHMax>23</kHMax>
  <kAMax>300</kAMax>
  <kG>138</kG>
  <kDDMin>436</kDDMin>
  <kWiTN>-99</kWiTN>
  <kWiTX>-3</kWiTX>
  <kDrTol>0.37</kDrTol>
  <kNTol>1</kNTol>
  <kBrow>3</kBrow>
  <kLy>0.4</kLy>
  <kLa>9</kLa>
  <kLQ>3</kLQ>
  <kImmT>-12000</kImmT>
  <kRedMax>38</kRedMax>
 </species>
 <species>
  <kID>05</kID>
  <kName>Pinus sylvestris</kName>
  <kSName>PSyl</kSName>
  <kType>E4</kType>
  <kHMax>45</kHMax>
  <kAMax>760</kAMax>
  <kG>119</kG>
  <kDDMin>610</kDDMin>
  <kWiTN>-99</kWiTN>
  <kWiTX>1</kWiTX>
  <kDrTol>0.37</kDrTol>
  <kNTol>1</kNTol>
  <kBrow>3</kBrow>
  <kLy>0.3</kLy>
  <kLa>9</kLa>
  <kLQ>3</kLQ>
  <kImmT>-12000</kImmT>
  <kRedMax>38</kRedMax>
 </species>
 <species>
  <kID>06</kID>
  <kName>Taxus baccata</kName>
  <kSName>TBac</kSName>
  <kType>E5</kType>
  <kHMax>22</kHMax>
  <kAMax>2110</kAMax>
  <kG>47</kG>
  <kDDMin>1011</kDDMin>
  <kWiTN>-5</kWiTN>
  <kWiTX>8</kWiTX>
  <kDrTol>0.23</kDrTol>
  <kNTol>4</kNTol>
  <kBrow>5</kBrow>
  <kLy>0.075</kLy>
  <kLa>3</kLa>
  <kLQ>2</kLQ>
  <kImmT>-12000</kImmT>
  <kRedMax>38</kRedMax>
 </species>
 <species>
  <kID>07</kID>
  <kName>Acer campestre</kName>
  <kSName>ACam</kSName>
  <kType>D2</kType>
  <kHMax>23</kHMax>
  <kAMax>170</kAMax>
  <kG>156</kG>
  <kDDMin>1062</kDDMin>
  <kWiTN>-99</kWiTN>
  <kWiTX>8</kWiTX>
  <kDrTol>0.33</kDrTol>
  <kNTol>3</kNTol>
  <kBrow>4</kBrow>
  <kLy>0.1</kLy>
  <kLa>5</kLa>
  <kLQ>2</kLQ>
  <kImmT>-12000</kImmT>
  <kRedMax>80</kRedMax>
 </species>
 <species>
  <kID>08</kID>
  <kName>Acer platanoides</kName>
  <kSName>APla</kSName>
  <kType>D3</kType>
  <kHMax>32</kHMax>
  <kAMax>380</kAMax>
  <kG>142</kG>
  <kDDMin>1042</kDDMin>
  <kWiTN>-17</kWiTN>
  <kWiTX>10</kWiTX>
  <kDrTol>0.25</kDrTol>
  <kNTol>5</kNTol>
  <kBrow>4</kBrow>
  <kLy>0.025</kLy>
  <kLa>4</kLa>
  <kLQ>2</kLQ>
  <kImmT>-12000</kImmT>
  <kRedMax>58</kRedMax>
 </species>
 <species>
  <kID>09</kID>
  <kName>Acer pseudoplatanus</kName>
  <kSName>APse</kSName>
  <kType>D3</kType>
  <kHMax>37</kHMax>
  <kAMax>550</kAMax>
  <kG>125</kG>
  <kDDMin>898</kDDMin>
  <kWiTN>-99</kWiTN>
  <kWiTX>8</kWiTX>
  <kDrTol>0.25</kDrTol>
  <kNTol>4</kNTol>
  <kBrow>4</kBrow>
  <kLy>0.025</kLy>
  <kLa>4</kLa>
  <kLQ>2</kLQ>
  <kImmT>-12000</kImmT>
  <kRedMax>50</kRedMax>
 </species>
 <species>
  <kID>10</kID>
  <kName>Alnus glutinosa</kName>
  <kSName>AGlu</kSName>
  <kType>D2</kType>
  <kHMax>31</kHMax>
  <kAMax>240</kAMax>
  <kG>250</kG>
  <kDDMin>898</kDDMin>
  <kWiTN>-16</kWiTN>
  <kWiTX>11</kWiTX>
  <kDrTol>0.08</kDrTol>
  <kNTol>3</kNTol>
  <kBrow>1</kBrow>
  <kLy>0.1</kLy>
  <kLa>5</kLa>
  <kLQ>1</kLQ>
  <kImmT>-12000</kImmT>
  <kRedMax>68</kRedMax>
 </species>
 <species>
  <kID>11</kID>
  <kName>Alnus incana</kName>
  <kSName>AInc</kSName>
  <kType>D2</kType>
  <kHMax>22</kHMax>
  <kAMax>150</kAMax>
  <kG>266</kG>
  <kDDMin>610</kDDMin>
  <kWiTN>-99</kWiTN>
  <kWiTX>7</kWiTX>
  <kDrTol>0.08</kDrTol>
  <kNTol>3</kNTol>
  <kBrow>1</kBrow>
  <kLy>0.2</kLy>
  <kLa>7</kLa>
  <kLQ>1</kLQ>
  <kImmT>-12000</kImmT>
  <kRedMax>68</kRedMax>
 </species>
 <species>
  <kID>12</kID>
  <kName>Alnus viridis</kName>
  <kSName>AVir</kSName>
  <kType>D2</kType>
  <kHMax>4</kHMax>
  <kAMax>100</kAMax>
  <kG>531</kG>
  <kDDMin>272</kDDMin>
  <kWiTN>-99</kWiTN>
  <kWiTX>-6</kWiTX>
  <kDrTol>0.16</kDrTol>
  <kNTol>3</kNTol>
  <kBrow>1</kBrow>
  <kLy>0.3</kLy>
  <kLa>7</kLa>
  <kLQ>1</kLQ>
  <kImmT>-12000</kImmT>
  <kRedMax>68</kRedMax>
 </species>
 <species>
  <kID>13</kID>
  <kName>Betula pendula</kName>
  <kSName>BPen</kSName>
  <kType>D1</kType>
  <kHMax>29</kHMax>
  <kAMax>220</kAMax>
  <kG>278</kG>
  <kDDMin>610</kDDMin>
  <kWiTN>-99</kWiTN>
  <kWiTX>9</kWiTX>
  <kDrTol>0.16</kDrTol>
  <kNTol>1</kNTol>
  <kBrow>1</kBrow>
  <kLy>0.3</kLy>
  <kLa>9</kLa>
  <kLQ>2</kLQ>
  <kImmT>-12000</kImmT>
  <kRedMax>63</kRedMax>
 </species>
 <species>
  <kID>14</kID>
  <kName>Carpinus betulus</kName>
  <kSName>CBet</kSName>
  <kType>D3</kType>
  <kHMax>27</kHMax>
  <kAMax>220</kAMax>
  <kG>177</kG>
  <kDDMin>898</kDDMin>
  <kWiTN>-9</kWiTN>
  <kWiTX>9</kWiTX>
  <kDrTol>0.25</kDrTol>
  <kNTol>4</kNTol>
  <kBrow>2</kBrow>
  <kLy>0.075</kLy>
  <kLa>3</kLa>
  <kLQ>1</kLQ>
  <kImmT>-12000</kImmT>
  <kRedMax>56</kRedMax>
 </species>
 <species>
  <kID>15</kID>
  <kName>Castanea sativa</kName>
  <kSName>CSat</kSName>
  <kType>D3</kType>
  <kHMax>33</kHMax>
  <kAMax>1510</kAMax>
  <kG>142</kG>
  <kDDMin>1237</kDDMin>
  <kWiTN>-99</kWiTN>
  <kWiTX>10</kWiTX>
  <kDrTol>0.33</kDrTol>
  <kNTol>3</kNTol>
  <kBrow>1</kBrow>
  <kLy>0.1</kLy>
  <kLa>5</kLa>
  <kLQ>2</kLQ>
  <kImmT>-12000</kImmT>
  <kRedMax>40</kRedMax>
 </species>
 <species>
  <kID>16</kID>
  <kName>Corylus avellana</kName>
  <kSName>CAve</kSName>
  <kType>D3</kType>
  <kHMax>10</kHMax>
  <kAMax>70</kAMax>
  <kG>95</kG>
  <kDDMin>898</kDDMin>
  <kWiTN>-16</kWiTN>
  <kWiTX>9</kWiTX>
  <kDrTol>0.33</kDrTol>
  <kNTol>2</kNTol>
  <kBrow>2</kBrow>
  <kLy>0.2</kLy>
  <kLa>6</kLa>
  <kLQ>1</kLQ>
  <kImmT>-12000</kImmT>
  <kRedMax>68</kRedMax>
 </species>
 <species>
  <kID>17</kID>
  <kName>Fagus sylvatica</kName>
  <kSName>FSyl</kSName>
  <kType>D3</kType>
  <kHMax>45</kHMax>
  <kAMax>430</kAMax>
  <kG>191</kG>
  <kDDMin>723</kDDMin>
  <kWiTN>-4</kWiTN>
  <kWiTX>9</kWiTX>
  <kDrTol>0.25</kDrTol>
  <kNTol>2</kNTol>
  <kBrow>3</kBrow>
  <kLy>0.05</kLy>
  <kLa>1</kLa>
  <kLQ>2</kLQ>
  <kImmT>-12000</kImmT>
  <kRedMax>43</kRedMax>
 </species>
 <species>
  <kID>18</kID>
  <kName>Fraxinus excelsior</kName>
  <kSName>FExc</kSName>
  <kType>D2</kType>
  <kHMax>42</kHMax>
  <kAMax>350</kAMax>
  <kG>177</kG>
  <kDDMin>980</kDDMin>
  <kWiTN>-17</kWiTN>
  <kWiTX>8</kWiTX>
  <kDrTol>0.16</kDrTol>
  <kNTol>5</kNTol>
  <kBrow>3</kBrow>
  <kLy>0.075</kLy>
  <kLa>6</kLa>
  <kLQ>1</kLQ>
  <kImmT>-12000</kImmT>
  <kRedMax>40</kRedMax>
 </species>
 <species>
  <kID>19</kID>
  <kName>Populus nigra</kName>
  <kSName>PNig</kSName>
  <kType>D2</kType>
  <kHMax>36</kHMax>
  <kAMax>280</kAMax>
  <kG>285</kG>
  <kDDMin>662</kDDMin>
  <kWiTN>-99</kWiTN>
  <kWiTX>12</kWiTX>
  <kDrTol>0.08</kDrTol>
  <kNTol>4</kNTol>
  <kBrow>2</kBrow>
  <kLy>0.1</kLy>
  <kLa>5</kLa>
  <kLQ>2</kLQ>
  <kImmT>-12000</kImmT>
  <kRedMax>78</kRedMax>
 </species>
 <species>
  <kID>20</kID>
  <kName>Populus tremula</kName>
  <kSName>PTre</kSName>
  <kType>D2</kType>
  <kHMax>30</kHMax>
  <kAMax>140</kAMax>
  <kG>310</kG>
  <kDDMin>610</kDDMin>
  <kWiTN>-99</kWiTN>
  <kWiTX>9</kWiTX>
  <kDrTol>0.25</kDrTol>
  <kNTol>2</kNTol>
  <kBrow>2</kBrow>
  <kLy>0.2</kLy>
  <kLa>7</kLa>
  <kLQ>2</kLQ>
  <kImmT>-12000</kImmT>
  <kRedMax>72</kRedMax>
 </species>
 <species>
  <kID>21</kID>
  <kName>Quercus petraea</kName>
  <kSName>QPet</kSName>
  <kType>D3</kType>
  <kHMax>45</kHMax>
  <kAMax>860</kAMax>
  <kG>195</kG>
  <kDDMin>785</kDDMin>
  <kWiTN>-5</kWiTN>
  <kWiTX>9</kWiTX>
  <kDrTol>0.25</kDrTol>
  <kNTol>2</kNTol>
  <kBrow>4</kBrow>
  <kLy>0.2</kLy>
  <kLa>7</kLa>
  <kLQ>2</kLQ>
  <kImmT>-12000</kImmT>
  <kRedMax>43</kRedMax>
 </species>
 <species>
  <kID>22</kID>
  <kName>Quercus pubescens</kName>
  <kSName>QPub</kSName>
  <kType>D3</kType>
  <kHMax>25</kHMax>
  <kAMax>500</kAMax>
  <kG>148</kG>
  <kDDMin>1011</kDDMin>
  <kWiTN>-99</kWiTN>
  <kWiTX>9</kWiTX>
  <kDrTol>0.33</kDrTol>
  <kNTol>2</kNTol>
  <kBrow>4</kBrow>
  <kLy>0.3</kLy>
  <kLa>7</kLa>
  <kLQ>2</kLQ>
  <kImmT>-12000</kImmT>
  <kRedMax>42</kRedMax>
 </species>
 <species>
  <kID>23</kID>
  <kName>Quercus robur</kName>
  <kSName>QRob</kSName>
  <kType>D3</kType>
  <kHMax>52</kHMax>
  <kAMax>1060</kAMax>
  <kG>195</kG>
  <kDDMin>1042</kDDMin>
  <kWiTN>-17</kWiTN>
  <kWiTX>9</kWiTX>
  <kDrTol>0.33</kDrTol>
  <kNTol>2</kNTol>
  <kBrow>4</kBrow>
  <kLy>0.3</kLy>
  <kLa>9</kLa>
  <kLQ>2</kLQ>
  <kImmT>-12000</kImmT>
  <kRedMax>42</kRedMax>
 </species>
 <species>
  <kID>24</kID>
  <kName>Salix alba</kName>
  <kSName>SAlb</kSName>
  <kType>D1</kType>
  <kHMax>27</kHMax>
  <kAMax>170</kAMax>
  <kG>278</kG>
  <kDDMin>1062</kDDMin>
  <kWiTN>-99</kWiTN>
  <kWiTX>12</kWiTX>
  <kDrTol>0.08</kDrTol>
  <kNTol>3</kNTol>
  <kBrow>2</kBrow>
  <kLy>0.1</kLy>
  <kLa>5</kLa>
  <kLQ>2</kLQ>
  <kImmT>-12000</kImmT>
  <kRedMax>68</kRedMax>
 </species>
 <species>
  <kID>25</kID>
  <kName>Sorbus aria</kName>
  <kSName>SAri</kSName>
  <kType>D2</kType>
  <kHMax>22</kHMax>
  <kAMax>180</kAMax>
  <kG>82</kG>
  <kDDMin>898</kDDMin>
  <kWiTN>-99</kWiTN>
  <kWiTX>12</kWiTX>
  <kDrTol>0.33</kDrTol>
  <kNTol>4</kNTol>
  <kBrow>4</kBrow>
  <kLy>0.2</kLy>
  <kLa>7</kLa>
  <kLQ>1</kLQ>
  <kImmT>-12000</kImmT>
  <kRedMax>68</kRedMax>
 </species>
 <species>
  <kID>26</kID>
  <kName>Sorbus aucuparia</kName>
  <kSName>SAuc</kSName>
  <kType>D1</kType>
  <kHMax>19</kHMax>
  <kAMax>110</kAMax>
  <kG>167</kG>
  <kDDMin>498</kDDMin>
  <kWiTN>-99</kWiTN>
  <kWiTX>7</kWiTX>
  <kDrTol>0.33</kDrTol>
  <kNTol>3</kNTol>
  <kBrow>4</kBrow>
  <kLy>0.2</kLy>
  <kLa>7</kLa>
  <kLQ>1</kLQ>
  <kImmT>-12000</kImmT>
  <kRedMax>68</kRedMax>
 </species>
 <species>
  <kID>27</kID>
  <kName>Tilia cordata</kName>
  <kSName>TCor</kSName>
  <kType>D3</kType>
  <kHMax>30</kHMax>
  <kAMax>940</kAMax>
  <kG>114</kG>
  <kDDMin>1339</kDDMin>
  <kWiTN>-19</kWiTN>
  <kWiTX>8</kWiTX>
  <kDrTol>0.33</kDrTol>
  <kNTol>4</kNTol>
  <kBrow>2</kBrow>
  <kLy>0.1</kLy>
  <kLa>5</kLa>
  <kLQ>2</kLQ>
  <kImmT>-12000</kImmT>
  <kRedMax>40</kRedMax>
 </species>
 <species>
  <kID>28</kID>
  <kName>Tilia platyphyllos</kName>
  <kSName>TPla</kSName>
  <kType>D3</kType>
  <kHMax>39</kHMax>
  <kAMax>960</kAMax>
  <kG>110</kG>
  <kDDMin>1339</kDDMin>
  <kWiTN>-99</kWiTN>
  <kWiTX>8</kWiTX>
  <kDrTol>0.25</kDrTol>
  <kNTol>5</kNTol>
  <kBrow>2</kBrow>
  <kLy>0.075</kLy>
  <kLa>3</kLa>
  <kLQ>2</kLQ>
  <kImmT>-12000</kImmT>
  <kRedMax>40</kRedMax>
 </species>
 <species>
  <kID>29</kID>
  <kName>Ulmus glabra</kName>
  <kSName>UGla</kSName>
  <kType>D3</kType>
  <kHMax>43</kHMax>
  <kAMax>480</kAMax>
  <kG>153</kG>
  <kDDMin>1062</kDDMin>
  <kWiTN>-16</kWiTN>
  <kWiTX>11</kWiTX>
  <kDrTol>0.25</kDrTol>
  <kNTol>5</kNTol>
  <kBrow>3</kBrow>
  <kLy>0.075</kLy>
  <kLa>3</kLa>
  <kLQ>1</kLQ>
  <kImmT>-12000</kImmT>
  <kRedMax>40</kRedMax>
 </species>
</speciesData>
