<?xml version="1.0"?>
<managementData>
<operations>
	<phase>
		<ID>00</ID>
		<kStart>15</kStart>
		<kEnd>20</kEnd>
		<kCycleLength>5</kCycleLength>
		<operation>
			<ID>00</ID>
			<kCycleYear>1</kCycleYear>
			<kType>01</kType>
			<speciesList>
  				<name>Phase_Default.xml</name>
  				<path>Data\\Management\\</path>
 			</speciesList>
			<planting>
				<isPlanting>False</isPlanting>
				<name>Planting_Default.xml</name>
  				<path>Data\\Management\\</path>
			</planting>
		</operation>
	</phase>
</operations>
<harvest>
	<kType>
		<ID>00</ID>
		<name>Tending</name>
		<kIntensity>1.0</kIntensity>
		<kb>2.5</kb>
	</kType>
	<kType>
		<ID>01</ID>
		<name>ThinningBelow</name>
		<kIntensity>0.5</kIntensity>
		<kb>1.8</kb>
	</kType>
	<kType>
		<ID>02</ID>
		<name>ThinningAbove</name>
		<kIntensity>0.7</kIntensity>
		<kb>1.2</kb>
	</kType>
	<kType>
		<ID>03</ID>
		<name>Stripfelling</name>
		<kArea>14</kArea>			
	</kType>	
	<kType>
		<ID>04</ID>						
		<name>Groupselection</name>
		<kArea>5</kArea>						
	</kType>
	<kType>
		<ID>05</ID>
		<name>Targetcut</name>
		<kIntensity>1.0</kIntensity>
		<kTargetDBH>40</kTargetDBH>	
	</kType>
	<kType>	
		<ID>06</ID>
		<name>Clearcut</name>
		<kIntensity>1.0</kIntensity>		
	</kType>
	<kType>
		<ID>07</ID>
		<name>Shelterwood</name>
		<kIntensity>1.0</kIntensity>	
		<kShelterDens>1.0</kShelterDens>			
		<kMinH>1500</kMinH>			
		<kMaxH>4500</kMaxH>
	</kType>
	<kType>
		<ID>08</ID>
		<name>Plenter</name>
		<kResBA>35</kResBA>			
		<kq>1.3</kq>
		<kTargetDBH>40</kTargetDBH>
		<kClassWidth>4</kClassWidth>	
	</kType>
	<kType>	
		<ID>09</ID>
		<name>Removals</name>
	</kType>
	<kType>	
		<ID>10</ID>
		<name>RDC</name>
	</kType>
	<kType>	
		<ID>11</ID>
		<name>ADC</name>
	</kType>
	<kType>	
		<ID>12</ID>
		<name>ZTree</name>
	</kType>
	<kType>	
		<ID>13</ID>
		<name>KT13</name>
	</kType>
	<kType>	
		<ID>14</ID>
		<name>KT14</name>
	</kType>
	<kType>
		<ID>15</ID>						
		<name>MFPlenter</name>
		<kVolLim>20</kVolLim>	
        <kTargetDBH>10</kTargetDBH>
		<kIntensity>0.2</kIntensity>	
	</kType>
</harvest>
</managementData>
