<?xml version="1.0"?>
<configData>
 <version>4.0.1</version>
 <setWDtoSetupFile>False</setWDtoSetupFile>
 <siteParam>
  <name>Site_v4.xml</name>
  <path>Data/Sites/</path>
 </siteParam>
 <speciesParam>
  <name>Species_v4.xml</name>
  <path>Data/Species/</path>
 </speciesParam>
 <climateParam>
  <isCC>False</isCC>
  <name>seasonalCC.xml</name>
  <path>Data/Climate/</path>
 </climateParam>
 <snowParam>
  <isSnowModule>True</isSnowModule>
 </snowParam>
 <modelStructure>
  <variant>3</variant>
 </modelStructure>
 <weatherParam>
  <isWeatherInput>False</isWeatherInput>
  <name>weather.xml</name>
  <path>Data/Weather/</path>
 </weatherParam>
 <managementParam>
  <isHarvest>False</isHarvest>
  <name>Management.xml</name>
  <path>Data/Management/</path>
 </managementParam>
 <states>
  <name>StandDataIn.xml</name>
  <path>Data/States/</path>
  <standDataIn>False</standDataIn>
  <stateIn>False</stateIn>
  <stateOut>False</stateOut>
 </states>
 <results>
  <name>Example</name>
  <path>Results/</path>
  <cohortOut>False</cohortOut>
  <logDIncOut>False</logDIncOut>
  <limFactOut>True</limFactOut>
  <cohortsSQLiteOut>True</cohortsSQLiteOut>
 </results>
 <simulation>
  <name>Simulation1</name>
  <initTime>0</initTime>
  <endTime>150</endTime>
  <runNumber>200</runNumber>
  <viewStep>1</viewStep>
  <viewStepSQL>1</viewStepSQL>
  <startOutput>0</startOutput>
  <seedValue>1</seedValue>
 </simulation>
 <output>
  <disable>false</disable>
 </output>
 <actualSpecies>
  <kID>02</kID>
 </actualSpecies>
</configData>
