<?xml version="1.0"?>
<climateData>
  <version>4.0.1</version>
  <climate>
    <CC_start>0</CC_start>
    <CC_end>0</CC_end>
    <CC_mTsp>0</CC_mTsp>
    <CC_mTs>0</CC_mTs>
    <CC_mTf>0</CC_mTf>
    <CC_mTw>0</CC_mTw>
    <CC_mPsp>1</CC_mPsp>
    <CC_mPs>1</CC_mPs>
    <CC_mPf>1</CC_mPf>
    <CC_mPw>1</CC_mPw>
    <CC_sdTsp>0</CC_sdTsp>
    <CC_sdTs>0</CC_sdTs>
    <CC_sdTf>0</CC_sdTf>
    <CC_sdTw>0</CC_sdTw>
    <CC_sdPsp>1</CC_sdPsp>
    <CC_sdPs>1</CC_sdPs>
    <CC_sdPf>1</CC_sdPf>
    <CC_sdPw>1</CC_sdPw>
    <CC_rTPsp>0</CC_rTPsp>
    <CC_rTPs>0</CC_rTPs>
    <CC_rTPf>0</CC_rTPf>
    <CC_rTPw>0</CC_rTPw>
  </climate>
</climateData>
