<?xml version="1.0"?>
<siteData>
 <version>4.0.1</version> 
 <general>
  <kPatchSize>800</kPatchSize>
  <kDistP>0.003</kDistP>
 </general>
 <water>
  <kBS>15</kBS>
  <kCw>12</kCw>
  <kIcpt>0.3</kIcpt>
  <kLat>46.5</kLat>
  <kSlAsp>0</kSlAsp>
 </water>
 <plant>
  <kBrPr>20</kBrPr>
  <kEstP>0.1</kEstP>
  <kEstDens>0.006</kEstDens> 		<!-- for old establishment-->
  <kTrMax>30000.0</kTrMax> 			<!--new; give one decimal place-->
  <kTreeCohort>50</kTreeCohort> 	<!--new-->
  <kInitDBH>1.27</kInitDBH>
  <kInitDBHSd>0.1</kInitDBHSd> 		<!--new-->
  <kInitDBHMin>0.5</kInitDBHMin> 	<!--new-->
  <kDBHDiffMax>0.5</kDBHDiffMax> 	<!--new-->
  <kLAtt>0.25</kLAtt>
  <kAlpha>2.3</kAlpha>				<!--new-->
  <kDeathP>4.605</kDeathP>
  <kMinRelInc>0.1</kMinRelInc>
  <kMinAbsInc>0.03</kMinAbsInc>
  <kSGrT>2</kSGrT>
  <kSlowGrP>0.368</kSlowGrP>
  <kAshFree>0.929</kAshFree>
  <kRSR>4.0</kRSR>
  <kConv>0.0025</kConv>
  <kDTT>5.5</kDTT>
  <uWiT>-2.17</uWiT>
  <uDrAn>0.023</uDrAn>
  <uDrSe>0.023</uDrSe>
  <uDDAn>1933.4</uDDAn>
  <uDDSe>1933.4</uDDSe>
 </plant>
 <soil>
  <kAvN>80</kAvN>
  <kLossW>0.03</kLossW>
  <kLossT>0.2</kLossT>
  <kNC>0.005</kNC>
 </soil>
 <weather>
  <ID>00</ID>
  <name>dec</name>
  <mT>-0.91</mT>
  <sdT>1.92</sdT>
  <mP>2.27</mP>
  <sdP>0.61</sdP>
  <rTP>0.03</rTP>
 </weather>
 <weather>
  <ID>01</ID>
  <name>jan</name>
  <mT>-1.79</mT>
  <sdT>2.03</sdT>
  <mP>2.13</mP>
  <sdP>0.65</sdP>
  <rTP>-0.25</rTP>
 </weather>
 <weather>
  <ID>02</ID>
  <name>feb</name>
  <mT>-1.36</mT>
  <sdT>2.64</sdT>
  <mP>2.13</mP>
  <sdP>0.59</sdP>
  <rTP>0.15</rTP>
 </weather>
 <weather>
  <ID>03</ID>
  <name>mar</name>
  <mT>1.07</mT>
  <sdT>2.12</sdT>
  <mP>2.24</mP>
  <sdP>0.49</sdP>
  <rTP>-0.15</rTP>
 </weather>
 <weather>
  <ID>04</ID>
  <name>apr</name>
  <mT>3.92</mT>
  <sdT>1.55</sdT>
  <mP>2.32</mP>
  <sdP>0.37</sdP>
  <rTP>-0.37</rTP>
 </weather>
 <weather>
  <ID>05</ID>
  <name>may</name>
  <mT>8.61</mT>
  <sdT>1.55</sdT>
  <mP>2.49</mP>
  <sdP>0.3</sdP>
  <rTP>-0.13</rTP>
 </weather>
 <weather>
  <ID>06</ID>
  <name>jun</name>
  <mT>11.72</mT>
  <sdT>1.53</sdT>
  <mP>2.73</mP>
  <sdP>0.28</sdP>
  <rTP>-0.38</rTP>
 </weather>
 <weather>
  <ID>07</ID>
  <name>jul</name>
  <mT>13.86</mT>
  <sdT>1.4</sdT>
  <mP>2.75</mP>
  <sdP>0.34</sdP>
  <rTP>-0.42</rTP>
 </weather>
 <weather>
  <ID>08</ID>
  <name>aug</name>
  <mT>13.5</mT>
  <sdT>1.41</sdT>
  <mP>2.77</mP>
  <sdP>0.3</sdP>
  <rTP>-0.34</rTP>
 </weather>
 <weather>
  <ID>09</ID>
  <name>sep</name>
  <mT>10.55</mT>
  <sdT>1.59</sdT>
  <mP>2.31</mP>
  <sdP>0.38</sdP>
  <rTP>-0.38</rTP>
 </weather>
 <weather>
  <ID>10</ID>
  <name>oct</name>
  <mT>6.92</mT>
  <sdT>1.8</sdT>
  <mP>2.13</mP>
  <sdP>0.58</sdP>
  <rTP>-0.44</rTP>
 </weather>
 <weather>
  <ID>11</ID>
  <name>nov</name>
  <mT>1.74</mT>
  <sdT>1.81</sdT>
  <mP>2.26</mP>
  <sdP>0.56</sdP>
  <rTP>-0.03</rTP>
 </weather>
 <weather>
  <ID>12</ID>
  <name>dec</name>
  <mT>-0.91</mT>
  <sdT>1.92</sdT>
  <mP>2.27</mP>
  <sdP>0.61</sdP>
  <rTP>0.03</rTP>
 </weather>
</siteData>
