<?xml version="1.0"?>
<configData>
  <version>4.0.1</version>
  <siteParam>
    <name>Site_dry-submontane.xml</name>
    <path>../../Data/Sites/</path>
  </siteParam>
  <speciesParam>
    <name>Species_ForClim_v401.xml</name>
    <path>../../Data/Species/</path>
  </speciesParam>
  <climateParam>
    <isCC>False</isCC>
    <name>nameHere.xml</name>
    <path>../../Data/Climate/</path>
  </climateParam>
  <snowParam>
    <isSnowModule>True</isSnowModule>
  </snowParam>
  <modelStructure>
    <variant>03</variant>
  </modelStructure>
  <weatherParam>
    <isWeatherInput>False</isWeatherInput>
    <name>nameHere.xml</name>
    <path>../../Data/Weather/</path>
  </weatherParam>
  <managementParam>
    <isHarvest>False</isHarvest>
    <name>Management_ktype08_dry-submontane_default.xml</name>
    <path>../../Data/Management/</path>
  </managementParam>
  <states>
    <name>nameHere.xml</name>
    <nameOut>nameOutHere.xml</nameOut>
    <path>../../Data/States/</path>
    <standDataIn>False</standDataIn>
    <stateIn>False</stateIn>
    <stateOut>False</stateOut>
    <yearStateOut>NA</yearStateOut>
  </states>
  <results>
    <name>ref</name>
    <path>../../Results/</path>
    <cohortOut>False</cohortOut>
    <logDIncOut>False</logDIncOut>
    <limFactOut>True</limFactOut>
    <cohortsSQLiteOut>True</cohortsSQLiteOut>
  </results>
  <simulation>
    <name>dry-submontane_reference</name>
    <initTime>0</initTime>
    <endTime>2000</endTime>
    <runNumber>200</runNumber>
    <viewStep>1</viewStep>
    <viewStepSQL>1</viewStepSQL>
    <startOutput>0</startOutput>
    <seedValue>1</seedValue>
  </simulation>
  <output>
    <disable>False</disable>
  </output>
  <actualSpecies>
    <kID>00</kID>
  </actualSpecies>
  <actualSpecies>
    <kID>02</kID>
  </actualSpecies>
  <actualSpecies>
    <kID>09</kID>
  </actualSpecies>
  <actualSpecies>
    <kID>17</kID>
  </actualSpecies>
</configData>
