<?xml version="1.0"?>
<harvestSpeciesData>
<harvestSpecies>
	<kID>00</kID>
</harvestSpecies>
<harvestSpecies>
	<kID>01</kID>
</harvestSpecies>
<harvestSpecies>
	<kID>02</kID>
</harvestSpecies>
<harvestSpecies>
	<kID>03</kID>
</harvestSpecies>
<harvestSpecies>
	<kID>04</kID>
</harvestSpecies>
<harvestSpecies>
	<kID>05</kID>
</harvestSpecies>
<harvestSpecies>
	<kID>06</kID>
</harvestSpecies>
<harvestSpecies>
	<kID>07</kID>
</harvestSpecies>
<harvestSpecies>
	<kID>08</kID>
</harvestSpecies>
<harvestSpecies>
	<kID>09</kID>
</harvestSpecies>
<harvestSpecies>
	<kID>10</kID>
</harvestSpecies>
<harvestSpecies>
	<kID>11</kID>
</harvestSpecies>
<harvestSpecies>
	<kID>12</kID>
</harvestSpecies>
<harvestSpecies>
	<kID>13</kID>
</harvestSpecies>
<harvestSpecies>
	<kID>14</kID>
</harvestSpecies>
<harvestSpecies>
	<kID>15</kID>
</harvestSpecies>
<harvestSpecies>
	<kID>16</kID>
</harvestSpecies>
<harvestSpecies>
	<kID>17</kID>
</harvestSpecies>
<harvestSpecies>
	<kID>18</kID>
</harvestSpecies>
<harvestSpecies>
	<kID>19</kID>
</harvestSpecies>
<harvestSpecies>
	<kID>20</kID>
</harvestSpecies>
<harvestSpecies>
	<kID>21</kID>
</harvestSpecies>
<harvestSpecies>
	<kID>22</kID>
</harvestSpecies>
<harvestSpecies>
	<kID>23</kID>
</harvestSpecies>
<harvestSpecies>
	<kID>24</kID>
</harvestSpecies>
<harvestSpecies>
	<kID>25</kID>
</harvestSpecies>
<harvestSpecies>
	<kID>26</kID>
</harvestSpecies>
<harvestSpecies>
	<kID>27</kID>
</harvestSpecies>
<harvestSpecies>
	<kID>28</kID>
</harvestSpecies>
<harvestSpecies>
	<kID>29</kID>
</harvestSpecies>
</harvestSpeciesData>
