<?xml version="1.0"?>
<managementData>
  <operations>
    <phase>
      <ID>00</ID>
      <kStart>1000</kStart>
      <kEnd>2000</kEnd>
      <kCycleLength>20</kCycleLength>
      <operation>
        <ID>00</ID>
        <kType>08</kType>
        <kCycleYear>0</kCycleYear>
        <speciesList>
          <name>Phase_someCanBeHarvested_dry-submontane.xml</name>
          <path>../../Data/Management/</path>
        </speciesList>
        <operationParameters>
          <name>harvests.xml</name>
          <path>../../Data/Management/</path>
        </operationParameters>
      </operation>
    </phase>
  </operations>
  <harvest>
    <kType>
      <ID>00</ID>
      <name>Tending</name>
      <kIntensity>1.0</kIntensity>
      <kb>2.5</kb>
    </kType>
    <kType>
      <ID>01</ID>
      <name>ThinningBelow</name>
      <kIntensity>1.0</kIntensity>
      <kb>2.5</kb>
    </kType>
    <kType>
      <ID>02</ID>
      <name>ThinningAbove</name>
      <kIntensity>1.0</kIntensity>
      <kb>2.5</kb>
    </kType>
    <kType>
      <ID>03</ID>
      <name>Stripfelling</name>
      <kArea>14</kArea>
    </kType>
    <kType>
      <ID>04</ID>
      <name>Groupselection</name>
      <kArea>14</kArea>
    </kType>
    <kType>
      <ID>05</ID>
      <name>Targetcut</name>
      <kIntensity>1.0</kIntensity>
      <kTargetDBH>60</kTargetDBH>
    </kType>
    <kType>
      <ID>06</ID>
      <name>Clearcut</name>
      <kIntensity>1.0</kIntensity>
    </kType>
    <kType>
      <ID>07</ID>
      <name>Shelterwood</name>
      <kIntensity>1.0</kIntensity>
      <kShelterDens>1</kShelterDens>
      <kMinH>1500</kMinH>
      <kMaxH>4500</kMaxH>
    </kType>
    <kType>
      <ID>08</ID>
      <name>Plenter</name>
      <kResBA>50</kResBA>
      <kq>1.3</kq>
      <kTargetDBH>60</kTargetDBH>
      <kClassWidth>4</kClassWidth>
    </kType>
    <kType>
      <ID>09</ID>
      <name>Removals</name>
    </kType>
    <kType>
      <ID>10</ID>
      <name>RDC</name>
    </kType>
    <kType>
      <ID>11</ID>
      <name>ADC</name>
    </kType>
    <kType>
      <ID>12</ID>
      <name>ZTree</name>
    </kType>
    <kType>
      <ID>13</ID>
      <name>KT13</name>
    </kType>
    <kType>
      <ID>14</ID>
      <name>KT14</name>
    </kType>
    <kType>
      <ID>15</ID>
      <name>MFPlenter</name>
      <kVolLim>7</kVolLim>
      <kIntensity>1.0</kIntensity>
      <kTargetDBH>60</kTargetDBH>
    </kType>
  </harvest>
</managementData>
