<?xml version="1.0"?>
<siteData>
  <version>4.0.1</version>
  <general>
    <kPatchSize>500</kPatchSize>
    <kDistP>0</kDistP>
  </general>
  <water>
    <kBS>15</kBS>
    <kCw>12</kCw>
    <kIcpt>0.3</kIcpt>
    <kLat>46.76</kLat>
    <kSlAsp>0</kSlAsp>
  </water>
  <plant>
    <kBrPr>20</kBrPr>
    <kEstP>0.1</kEstP>
    <kEstDens>0.006</kEstDens>
    <kTrMax>30000</kTrMax>
    <kTreeCohort>50</kTreeCohort>
    <kInitDBH>1.27</kInitDBH>
    <kInitDBHSd>0.1</kInitDBHSd>
    <kInitDBHMin>0.5</kInitDBHMin>
    <kDBHDiffMax>0.5</kDBHDiffMax>
    <kLAtt>0.25</kLAtt>
    <kAlpha>2.3</kAlpha>
    <kDeathP>4.605</kDeathP>
    <kMinRelInc>0.1</kMinRelInc>
    <kMinAbsInc>0.03</kMinAbsInc>
    <kSGrT>2</kSGrT>
    <kSlowGrP>0.368</kSlowGrP>
    <kAshFree>0.929</kAshFree>
    <kRSR>0.0025</kRSR>
    <kConv>4</kConv>
    <kDTT>5.5</kDTT>
    <uWiT>-2.17</uWiT>
    <uDrAn>0.023</uDrAn>
    <uDrSe>0.023</uDrSe>
    <uDDAn>1933.4</uDDAn>
    <uDDSe>1933.4</uDDSe>
  </plant>
  <soil>
    <kAvN>60</kAvN>
    <kLossW>0.03</kLossW>
    <kLossT>0.2</kLossT>
    <kNC>0.005</kNC>
  </soil>
  <weather>
    <ID>00</ID>
    <name>dec</name>
    <mT>-0.59</mT>
    <sdT>1.61</sdT>
    <mP>1.84</mP>
    <sdP>0.69</sdP>
    <rTP>-0.02</rTP>
  </weather>
  <weather>
    <ID>01</ID>
    <name>jan</name>
    <mT>-1.48</mT>
    <sdT>1.87</sdT>
    <mP>1.81</mP>
    <sdP>0.59</sdP>
    <rTP>0.15</rTP>
  </weather>
  <weather>
    <ID>02</ID>
    <name>feb</name>
    <mT>-0.2</mT>
    <sdT>2.24</sdT>
    <mP>1.7</mP>
    <sdP>0.69</sdP>
    <rTP>0.34</rTP>
  </weather>
  <weather>
    <ID>03</ID>
    <name>mar</name>
    <mT>3.56</mT>
    <sdT>1.81</sdT>
    <mP>1.68</mP>
    <sdP>0.61</sdP>
    <rTP>-0.19</rTP>
  </weather>
  <weather>
    <ID>04</ID>
    <name>apr</name>
    <mT>7.35</mT>
    <sdT>1.63</sdT>
    <mP>1.68</mP>
    <sdP>0.58</sdP>
    <rTP>-0.23</rTP>
  </weather>
  <weather>
    <ID>05</ID>
    <name>may</name>
    <mT>11.66</mT>
    <sdT>1.49</sdT>
    <mP>1.93</mP>
    <sdP>0.47</sdP>
    <rTP>-0.32</rTP>
  </weather>
  <weather>
    <ID>06</ID>
    <name>jun</name>
    <mT>15.24</mT>
    <sdT>1.48</sdT>
    <mP>2</mP>
    <sdP>0.39</sdP>
    <rTP>-0.39</rTP>
  </weather>
  <weather>
    <ID>07</ID>
    <name>jul</name>
    <mT>17.3</mT>
    <sdT>1.44</sdT>
    <mP>1.95</mP>
    <sdP>0.42</sdP>
    <rTP>-0.48</rTP>
  </weather>
  <weather>
    <ID>08</ID>
    <name>aug</name>
    <mT>16.53</mT>
    <sdT>1.36</sdT>
    <mP>2.06</mP>
    <sdP>0.37</sdP>
    <rTP>-0.49</rTP>
  </weather>
  <weather>
    <ID>09</ID>
    <name>sep</name>
    <mT>13.22</mT>
    <sdT>1.43</sdT>
    <mP>1.75</mP>
    <sdP>0.51</sdP>
    <rTP>-0.14</rTP>
  </weather>
  <weather>
    <ID>10</ID>
    <name>oct</name>
    <mT>8.48</mT>
    <sdT>1.42</sdT>
    <mP>1.82</mP>
    <sdP>0.66</sdP>
    <rTP>-0.23</rTP>
  </weather>
  <weather>
    <ID>11</ID>
    <name>nov</name>
    <mT>3.04</mT>
    <sdT>1.38</sdT>
    <mP>1.92</mP>
    <sdP>0.63</sdP>
    <rTP>0.05</rTP>
  </weather>
  <weather>
    <ID>12</ID>
    <name>dec</name>
    <mT>-0.59</mT>
    <sdT>1.61</sdT>
    <mP>1.84</mP>
    <sdP>0.69</sdP>
    <rTP>-0.02</rTP>
  </weather>
</siteData>
